<IdentityConfig>
  <Clients>
    <Client>
      <ClientId>client_id</ClientId>
      <ClientSecret>123</ClientSecret>
      <GrantType>client_credentials</GrantType>
      <TokenEndpoint>https://localhost:44345/api/auth/token</TokenEndpoint>
    </Client>
  </Clients>

  <Users>
    <User>
      <Username>testuser</Username>
      <Password>123</Password>
    </User>
  </Users>

  <Security>
    <JwtSecretKey>your-secure-key-should-be-at-least-16-bytes-long</JwtSecretKey>
  </Security>
</IdentityConfig>