﻿<?xml version="1.0" encoding="utf-8" ?>

<ConfigService>
	<Field apiname="Client Name" name="CLIENT_LEGAL_NAME" minlength="1" maxlength="80" sbmname="Client Legal Name"/>
	<Field apiname="Client Address Line 1" name="EMAIL_ADDRESS_LINE_1" minlength="1" maxlength="80" sbmname="Ext Client Address Line 1"/>
	<Field apiname="Client Address Line 2" name="EMAIL_ADDRESS_LINE_2" minlength="0" maxlength="80" sbmname="Ext Client Address Line 2"/>
	<Field apiname="Client City" name="EMAIL_CITY" minlength="1" maxlength="25" sbmname="Ext Client City"/>
	<Field apiname="Client State" name="EMAIL_STATE" minlength="2" maxlength="2" sbmname="Ext Client State"/>
	<Field apiname="Client Zip" name="EMAIL_ZIP" minlength="1" maxlength="10" sbmname="Ext Client Zip"/>
	<Field apiname="Client Contact Name" name="PRIMARY_CONTACT_NAME" minlength="1" maxlength="40" sbmname="Primary Contact Name"/>
	<Field apiname="Client Contact Email" name="PRIMARY_CONTACT_EMAIL" minlength="1" maxlength="50" sbmname="Primary Contact E-Mail Address"/>
	<Field apiname="Client Contact Phone" name="PRIMARY_CONTACT_PHONE" minlength="10" maxlength="20" sbmname="Primary Contact Phone #"/>
	<Field apiname="Labcorp Account #" name="ACCOUNT_NUMBER" minlength="8" maxlength="8" sbmname="Account Number"/>
	<Field apiname="Additional Labcorp Account #s" name="ADDITIONAL_LCLS_ACCOUNTS" minlength="0" maxlength="8" sbmname="Additional LCLS Account Numbers(s)"/>
	<Field apiname="EDI Vendor" name="EDI_VENDOR" minlength="1" maxlength="255" sbmname="Vendor Name"/>
	<Field apiname="EDI Product" name="EDI_PRODUCT" minlength="1" maxlength="255" sbmname="Vendor Product Name"/>
	<Field apiname="EDI Product Version #" name="VERSION" minlength="0" maxlength="20" sbmname="Version"/>
	<Field apiname="Vendor Client ID" name="VENDOR_CLIENT_ID" minlength="0" maxlength="20" sbmname="Vendor-Client ID"/>
	<Field apiname="Vendor Project ID" name="VENDOR_PROJECT_ID" minlength="0" maxlength="25" sbmname="Vendor Project ID"/>
	<Field apiname="Vendor Email" name="SUBMITTER_EMAIL" minlength="1" maxlength="50" sbmname="Ext Submitter Email"/>
	<Field apiname="Vendor Comments" name="COMMENTS_EMAIL_SUBMIT" minlength="1" maxlength="255" sbmname="Ext Submit Comments"/>
</ConfigService>